Route ID,Route Name,Grade,Type,Pitches,Length (ft),Stars,Votes,Ticks,FA Info,Area Hierarchy,URL
126672698,Bomb It,V4 YDS,Boulder,1,15.0,1.0,1.0,0.0,Nick Murray,"All Locations > Colorado > Colorado Springs > Old Stage Rd > Gallery > Gallery Area Bo… > Main Boulderfield > TAKI 183 Boulder > 
                    Sort Routes
            ",https://www.mountainproject.com/route/126672698/bomb-it
201342239,Certainly Uncertain,5.10+ YDS,Trad,1,110.0,2.0,1.0,0.0,"Jameson Fleck, Cole Schnacker, 10/8/2020","All Locations > Colorado > Colorado Springs > Old Stage Rd > Ambiguously Uncertain… > 
                    Sort Routes
            ",https://www.mountainproject.com/route/201342239/certainly-uncertain
126362141,Peasants,V0 YDS,Boulder,1,10.0,1.3,3.0,5.0,"Matt Sellick, Kyle Schneider","All Locations > Colorado > Colorado Springs > Old Stage Rd > Gallery > Gallery Area Bo… > Diego Rivera Boulder > 
                    Sort Routes
            ",https://www.mountainproject.com/route/126362141/peasants
126932538,Ladder to the Moon,5.9 YDS,Trad,1,30.0,2.5,2.0,1.0,Matt Sellick,"All Locations > Colorado > Colorado Springs > Old Stage Rd > Gallery > Georgia O'Keeffe Wall > 
                    Sort Routes
            ",https://www.mountainproject.com/route/126932538/ladder-to-the-moon
117518428,Flash Flood,5.7 YDS,Trad,1,80.0,2.5,2.0,3.0,"Cody Baxter, July 2019","All Locations > Colorado > Colorado Springs > Old Stage Rd > Hurricane Ridge > Hurricane Wall > 
                    Sort Routes
            ",https://www.mountainproject.com/route/117518428/flash-flood
201129552,A Squire's Tale,5.10+ YDS,Sport,1,40.0,3.0,1.0,1.0,"Will Quillman and Kyle Okular, June 2025","All Locations > Colorado > Colorado Springs > Old Stage Rd > Citadel > Western Alcove > 
                    Sort Routes
            ",https://www.mountainproject.com/route/201129552/a-squires-tale
106436523,French Quarter,5.10a YDS,Sport,1,60.0,2.3,15.0,34.0,"Bob Robertson/ John Fogg/ Don Allred, 9-24-05","All Locations > Colorado > Colorado Springs > Old Stage Rd > Hurricane Ridge > Gully Wall > 
                    Sort Routes
            ",https://www.mountainproject.com/route/106436523/french-quarter
106437661,Lost Dog,5.7 YDS,Sport,1,50.0,1.2,13.0,48.0,John and Reggie Slavens,"All Locations > Colorado > Colorado Springs > Old Stage Rd > Hurricane Ridge > W Face of Hurricane Wall > 
                    Sort Routes
            ",https://www.mountainproject.com/route/106437661/lost-dog
201128837,Chiefin,5.9 YDS,Trad,1,50.0,2.0,2.0,3.0,"likely FA: JD Roach, 2018. First known free ascent: Kyle Okular and Sean Herlihy, 2025","All Locations > Colorado > Colorado Springs > Old Stage Rd > Citadel > E Wall > 
                    Sort Routes
            ",https://www.mountainproject.com/route/201128837/chiefin
201004207,Lamb to the Slaughter,5.9 YDS,Trad,1,70.0,2.0,2.0,3.0,"FKA: Kyle Okular and Dakota Millard, May 2025","All Locations > Colorado > Colorado Springs > Old Stage Rd > Cathedral Park > Monk > 
                    Sort Routes
            ",https://www.mountainproject.com/route/201004207/lamb-to-the-slaughter
107690732,Eye of the Storm,5.10- YDS,Sport,1,70.0,2.5,6.0,21.0,"Gary Ballard, Mark Maddy, 2012","All Locations > Colorado > Colorado Springs > Old Stage Rd > Hurricane Ridge > W Face of Hurricane Wall > 
                    Sort Routes
            ",https://www.mountainproject.com/route/107690732/eye-of-the-storm
126361072,Pop Shop 2,5.10a YDS,Trad,1,60.0,2.7,11.0,22.0,Matt Sellick,"All Locations > Colorado > Colorado Springs > Old Stage Rd > Gallery > Installation Wall > 
                    Sort Routes
            ",https://www.mountainproject.com/route/126361072/pop-shop-2
201130760,Indentured Servitude,5.10b YDS,Trad,1,50.0,3.0,1.0,1.0,FKA: Kyle Okular and Sean Herlihy,"All Locations > Colorado > Colorado Springs > Old Stage Rd > Citadel > S Wall > 
                    Sort Routes
            ",https://www.mountainproject.com/route/201130760/indentured-servitude
200995684,So Punk Rock,5.10a YDS,Trad,1,40.0,3.0,2.0,3.0,"Kyle Okular and Phil Wortmann, October 2024","All Locations > Colorado > Colorado Springs > Old Stage Rd > School of Rock > Old School > 
                    Sort Routes
            ",https://www.mountainproject.com/route/200995684/so-punk-rock
201130008,Chivalry Isn't Dead,5.9 YDS,Trad,1,90.0,3.0,2.0,3.0,"FKA: Kyle Okular and Matt Sellick, 2025","All Locations > Colorado > Colorado Springs > Old Stage Rd > Citadel > S Wall > 
                    Sort Routes
            ",https://www.mountainproject.com/route/201130008/chivalry-isnt-dead
201131464,Kratom and Crumpets,5.7+ YDS,Trad,1,60.0,2.0,3.0,5.0,"FKA: Kyle Okular and Joe Kalis, June 2025","All Locations > Colorado > Colorado Springs > Old Stage Rd > Citadel > S Wall > 
                    Sort Routes
            ",https://www.mountainproject.com/route/201131464/kratom-and-crumpets
126361231,Water Problem,5.10b YDS,Sport,1,90.0,2.2,18.0,64.0,"Matt Sellick, Kirt Lawless, Sean Verfurth","All Locations > Colorado > Colorado Springs > Old Stage Rd > Gallery > Installation Wall > 
                    Sort Routes
            ",https://www.mountainproject.com/route/126361231/water-problem
126967366,Sugar Shack,5.10c YDS,Trad,1,30.0,2.0,1.0,0.0,"Matt Sellick, Jared Reene","All Locations > Colorado > Colorado Springs > Old Stage Rd > Gallery > Ernie Barnes Walls > 
                    Sort Routes
            ",https://www.mountainproject.com/route/126967366/sugar-shack
201128949,Deep Fried Peasants,5.10- YDS,Trad,1,70.0,3.0,1.0,3.0,"potential FA: JD Roach. Likely FFA: Kyle Okular and Sean Herlihy, 2025","All Locations > Colorado > Colorado Springs > Old Stage Rd > Citadel > E Wall > 
                    Sort Routes
            ",https://www.mountainproject.com/route/201128949/deep-fried-peasants
201001108,Cathedrals of Our Own,5.10+ YDS,Trad,2,200.0,4.0,2.0,2.0,"Kyle Okular and Sam Byrne, May 2025 (full modern variation)","All Locations > Colorado > Colorado Springs > Old Stage Rd > Cathedral Park > Gothic Buttress > 
                    Sort Routes
            ",https://www.mountainproject.com/route/201001108/cathedrals-of-our-own
200996426,Street Smarts,5.9 YDS,Trad,1,40.0,3.0,1.0,1.0,"Kyle Okular, Sam Byrne, and Ben, November 2024","All Locations > Colorado > Colorado Springs > Old Stage Rd > School of Rock > High School > 
                    Sort Routes
            ",https://www.mountainproject.com/route/200996426/street-smarts
200949258,Cheat Sheet,5.8 YDS,Trad,1,55.0,3.0,2.0,10.0,"Kyle Okular and Emily Buck, October 2024","All Locations > Colorado > Colorado Springs > Old Stage Rd > School of Rock > Principal's Office > 
                    Sort Routes
            ",https://www.mountainproject.com/route/200949258/cheat-sheet
201014545,Testify,5.10c YDS,Trad,1,60.0,3.0,1.0,1.0,"Kyle Okular and Will Quillman, April 2025","All Locations > Colorado > Colorado Springs > Old Stage Rd > Cathedral Park > Hermitage > 
                    Sort Routes
            ",https://www.mountainproject.com/route/201014545/testify
201129811,Guillotine Crack,5.11- YDS,Trad,1,50.0,3.0,2.0,2.0,"FKA: Tom Barber and Kyle Okular, 2025","All Locations > Colorado > Colorado Springs > Old Stage Rd > Citadel > S Wall > 
                    Sort Routes
            ",https://www.mountainproject.com/route/201129811/guillotine-crack
106511391,Unknown on the Left,5.10+ YDS,Trad,1,75.0,3.0,2.0,1.0,unknown,"All Locations > Colorado > Colorado Springs > Old Stage Rd > Saint Peter's Overlook > 
                    Sort Routes
            ",https://www.mountainproject.com/route/106511391/unknown-on-the-left
126361685,Zip,5.9 YDS,Trad,1,60.0,2.0,3.0,15.0,Matt Sellick,"All Locations > Colorado > Colorado Springs > Old Stage Rd > Gallery > Jo Mora Wall > 
                    Sort Routes
            ",https://www.mountainproject.com/route/126361685/zip
126361024,Pop Shop 1,5.10b YDS,Trad,1,85.0,2.5,2.0,5.0,"Matt Sellick, Jared Reene","All Locations > Colorado > Colorado Springs > Old Stage Rd > Gallery > Installation Wall > 
                    Sort Routes
            ",https://www.mountainproject.com/route/126361024/pop-shop-1
126361811,Lou D Croaker,5.7 YDS,Trad,1,25.0,1.8,8.0,28.0,Matt Sellick,"All Locations > Colorado > Colorado Springs > Old Stage Rd > Gallery > Jo Mora Wall > 
                    Sort Routes
            ",https://www.mountainproject.com/route/126361811/lou-d-croaker
200931261,The Boys are Back in Town,5.7 YDS,Trad,1,75.0,2.0,1.0,10.0,"Kyle Okular and Emily Buck, October 2024","All Locations > Colorado > Colorado Springs > Old Stage Rd > School of Rock > Halcyon Days > 
                    Sort Routes
            ",https://www.mountainproject.com/route/200931261/the-boys-are-back-in-town
201015029,"O Brother, Where Art Thou",5.8 YDS,Trad,2,110.0,3.0,1.0,,"Kyle Okular and Emily Buck, April 2025","All Locations > Colorado > Colorado Springs > Old Stage Rd > Cathedral Park > Slabernacle > 
                    Sort Routes
            ",https://www.mountainproject.com/route/201015029/o-brother-where-art-thou
201004439,The Pilgrimage,5.9+ YDS,Trad,4,400.0,4.0,4.0,5.0,"FKA: Kyle Okular, Sam Jones, Dakota Millard, and Todd Stephens, March 2025","All Locations > Colorado > Colorado Springs > Old Stage Rd > Cathedral Park > Monastery > 
                    Sort Routes
            ",https://www.mountainproject.com/route/201004439/the-pilgrimage
106437585,Unknown,5.9 YDS,Sport,1,60.0,1.6,7.0,23.0,unknown,"All Locations > Colorado > Colorado Springs > Old Stage Rd > Hurricane Ridge > Gully Wall > 
                    Sort Routes
            ",https://www.mountainproject.com/route/106437585/unknown
106437617,Global Warming,5.10a YDS,Sport,1,70.0,2.2,13.0,31.0,"Don Allred/ Bob Robertson, 10-1-05","All Locations > Colorado > Colorado Springs > Old Stage Rd > Hurricane Ridge > Hurricane Wall > 
                    Sort Routes
            ",https://www.mountainproject.com/route/106437617/global-warming
200907898,Fuel-Injected Suicide Machine,5.10a YDS,Trad,1,70.0,2.5,2.0,3.0,"Kyle Okular and Emily Buck, May 2025","All Locations > Colorado > Colorado Springs > Old Stage Rd > Rd Warrior Crag > 
                    Sort Routes
            ",https://www.mountainproject.com/route/200907898/fuel-injected-suicide-machine
126672589,Pez Dispenser,V3 YDS,Boulder,1,10.0,2.5,2.0,1.0,Nick Murray,"All Locations > Colorado > Colorado Springs > Old Stage Rd > Gallery > Gallery Area Bo… > Main Boulderfield > Basquiat Boulder > 
                    Sort Routes
            ",https://www.mountainproject.com/route/126672589/pez-dispenser
201131394,Get Medieval,5.10 YDS,Trad,1,60.0,3.0,3.0,8.0,"Kyle Okular and crew, June 2025.","All Locations > Colorado > Colorado Springs > Old Stage Rd > Citadel > S Wall > 
                    Sort Routes
            ",https://www.mountainproject.com/route/201131394/get-medieval
122773434,Short Stack Cracks,5.10 YDS,Trad,1,30.0,3.0,2.0,2.0,Stewart M. Green and Brian Shelton,"All Locations > Colorado > Colorado Springs > Old Stage Rd > Grayback Peak > Short Stack Crack Area > 
                    Sort Routes
            ",https://www.mountainproject.com/route/122773434/short-stack-cracks
200908005,The Hummungus (Open Project),5.12- YDS,Trad,1,70.0,2.0,1.0,0.0,unknown,"All Locations > Colorado > Colorado Springs > Old Stage Rd > Rd Warrior Crag > 
                    Sort Routes
            ",https://www.mountainproject.com/route/200908005/the-hummungus-open-project
201150213,Smash Toads,5.11 YDS,Sport,2,150.0,2.7,3.0,1.0,"Jonathan Matthews, Bryce Ball, 08/2025","All Locations > Colorado > Colorado Springs > Old Stage Rd > Grayback Peak > Battletoads Wall > 
                    Sort Routes
            ",https://www.mountainproject.com/route/201150213/smash-toads
201004180,Monk-y Business,5.9 YDS,Trad,1,70.0,1.0,2.0,2.0,"FKA: Kyle Okular and Dakota Millard, May 2025","All Locations > Colorado > Colorado Springs > Old Stage Rd > Cathedral Park > Monk > 
                    Sort Routes
            ",https://www.mountainproject.com/route/201004180/monk-y-business
201128894,Full Chainmail Deal,5.11+ YDS,Trad,1,70.0,2.0,1.0,0.0,unknown,"All Locations > Colorado > Colorado Springs > Old Stage Rd > Citadel > E Wall > 
                    Sort Routes
            ",https://www.mountainproject.com/route/201128894/full-chainmail-deal
127192600,Thiefdom,5.12+ YDS,Sport,1,35.0,3.0,3.0,2.0,"Cooper Childress, developed and bolted by Matt Sellick","All Locations > Colorado > Colorado Springs > Old Stage Rd > Den of Thieves > 
                    Sort Routes
            ",https://www.mountainproject.com/route/127192600/thiefdom
200908052,Witness Me (open project),5.12 YDS,Trad,1,70.0,2.0,1.0,1.0,unknown,"All Locations > Colorado > Colorado Springs > Old Stage Rd > Rd Warrior Crag > 
                    Sort Routes
            ",https://www.mountainproject.com/route/200908052/witness-me-open-project
201006222,Personal Jesus,5.7+ YDS,Trad,2,150.0,2.0,1.0,2.0,"FKA: Kyle Okular and Will Quillman, April 2025","All Locations > Colorado > Colorado Springs > Old Stage Rd > Cathedral Park > Chapel > 
                    Sort Routes
            ",https://www.mountainproject.com/route/201006222/personal-jesus
127037103,Cletus' Arete aka the North Ridge of San Luis Peak,5.8 YDS,Trad,4,550.0,2.8,8.0,18.0,"Kyle Okular and Matt Sellick, October 2024","All Locations > Colorado > Colorado Springs > Old Stage Rd > San Luis Peak > 
                    Sort Routes
            ",https://www.mountainproject.com/route/127037103/cletus-arete-aka-the-north-ridge-of-san-luis-peak
126967487,"Uptown, Downtown",5.4 YDS,Sport,1,50.0,2.3,6.0,,Matt Sellick,"All Locations > Colorado > Colorado Springs > Old Stage Rd > Gallery > Ernie Barnes Walls > 
                    Sort Routes
            ",https://www.mountainproject.com/route/126967487/uptown-downtown
126967547,The Maestro,5.6 YDS,Sport,1,30.0,2.4,5.0,8.0,"Matt Sellick, Kyle Schneider","All Locations > Colorado > Colorado Springs > Old Stage Rd > Gallery > Ernie Barnes Walls > 
                    Sort Routes
            ",https://www.mountainproject.com/route/126967547/the-maestro
201115936,Cletus Schools the Devil on the Road to Mt. Vigil - Link-up,5.10+ YDS,Trad,12,10000.0,3.0,1.0,0.0,unknown,"All Locations > Colorado > Colorado Springs > Old Stage Rd > Show On The Rd Wall > 
                    Sort Routes
            ",https://www.mountainproject.com/route/201115936/cletus-schools-the-devil-on-the-road-to-mt-vigil-link-up
126361902,The Flower Carrier,V2 YDS,Boulder,1,18.0,2.7,3.0,1.0,Matt Sellick,"All Locations > Colorado > Colorado Springs > Old Stage Rd > Gallery > Gallery Area Bo… > Diego Rivera Boulder > 
                    Sort Routes
            ",https://www.mountainproject.com/route/126361902/the-flower-carrier
122769881,Emerald Arete,5.7 YDS,Trad,1,135.0,1.0,1.0,1.0,"Sam Jones, rope solo","All Locations > Colorado > Colorado Springs > Old Stage Rd > Grayback Peak > Emerald Wall > 
                    Sort Routes
            ",https://www.mountainproject.com/route/122769881/emerald-arete
117518382,Irma,5.6 YDS,Trad,1,70.0,2.0,3.0,11.0,"Cody Baxter, May 2019","All Locations > Colorado > Colorado Springs > Old Stage Rd > Hurricane Ridge > Hurricane Wall > 
                    Sort Routes
            ",https://www.mountainproject.com/route/117518382/irma
106437611,Rita,5.10a YDS,Sport,1,70.0,2.3,17.0,48.0,Don Allred/ John Fogg,"All Locations > Colorado > Colorado Springs > Old Stage Rd > Hurricane Ridge > Hurricane Wall > 
                    Sort Routes
            ",https://www.mountainproject.com/route/106437611/rita
200949155,Class Clown,5.8+ YDS,Trad,1,65.0,3.0,2.0,3.0,"Kyle Okular and Emily Buck, October 2024","All Locations > Colorado > Colorado Springs > Old Stage Rd > School of Rock > Principal's Office > 
                    Sort Routes
            ",https://www.mountainproject.com/route/200949155/class-clown
126700249,Summer Days,V3+ YDS,Boulder,1,12.0,2.0,1.0,1.0,Matt Sellick,"All Locations > Colorado > Colorado Springs > Old Stage Rd > Gallery > Gallery Area Bo… > Main Boulderfield > O'Keeffe Boulder > 
                    Sort Routes
            ",https://www.mountainproject.com/route/126700249/summer-days
201014591,Confessions Part II,5.8 YDS,Trad,1,50.0,2.0,1.0,2.0,"Kyle Okular and Will Quillman, April 2025","All Locations > Colorado > Colorado Springs > Old Stage Rd > Cathedral Park > Hermitage > 
                    Sort Routes
            ",https://www.mountainproject.com/route/201014591/confessions-part-ii
126932604,Pedernal,5.4 YDS,Trad,1,60.0,2.3,3.0,2.0,Matt Sellick,"All Locations > Colorado > Colorado Springs > Old Stage Rd > Gallery > Georgia O'Keeffe Wall > 
                    Sort Routes
            ",https://www.mountainproject.com/route/126932604/pedernal
126361633,Carmel By the Sea,5.10a YDS,Trad,1,60.0,3.1,15.0,36.0,Matt Sellick,"All Locations > Colorado > Colorado Springs > Old Stage Rd > Gallery > Jo Mora Wall > 
                    Sort Routes
            ",https://www.mountainproject.com/route/126361633/carmel-by-the-sea
126531697,Smooth Sailin',V3 YDS,Boulder,1,8.0,3.0,1.0,1.0,"Drew Hartfield, July 2024","All Locations > Colorado > Colorado Springs > Old Stage Rd > Gallery > Gallery Area Bo… > Main Boulderfield > Smooth Sailin' Boulder > 
                    Sort Routes
            ",https://www.mountainproject.com/route/126531697/smooth-sailin
106193608,The Ascension,5.9 YDS,Trad,1,145.0,3.0,10.0,27.0,"Mark Van Horn, early 90s","All Locations > Colorado > Colorado Springs > Old Stage Rd > Saint Peter's Overlook > 
                    Sort Routes
            ",https://www.mountainproject.com/route/106193608/the-ascension
126361663,Scratching A Twister,5.10c YDS,Sport,1,60.0,3.0,11.0,24.0,"Pete Lardy, Matt Sellick","All Locations > Colorado > Colorado Springs > Old Stage Rd > Gallery > Jo Mora Wall > 
                    Sort Routes
            ",https://www.mountainproject.com/route/126361663/scratching-a-twister
127261099,Ubu Imperator,V4 YDS,Boulder,1,12.0,2.0,1.0,0.0,Nick Murray,"All Locations > Colorado > Colorado Springs > Old Stage Rd > Gallery > Gallery Area Bo… > Main Boulderfield > Max Ernst Boulder > 
                    Sort Routes
            ",https://www.mountainproject.com/route/127261099/ubu-imperator
122768968,Inner Light,5.9 YDS,Sport,1,90.0,2.9,9.0,18.0,"Sam Jones, Nate Stockdale","All Locations > Colorado > Colorado Springs > Old Stage Rd > Grayback Peak > Grayback Wall > 
                    Sort Routes
            ",https://www.mountainproject.com/route/122768968/inner-light
200965817,Show On The Road,5.10+ YDS,Trad,1,60.0,3.0,2.0,1.0,"Kyle Okular and Matt Sellick, May 2025","All Locations > Colorado > Colorado Springs > Old Stage Rd > Show On The Rd Wall > 
                    Sort Routes
            ",https://www.mountainproject.com/route/200965817/show-on-the-road
200949364,Flunky,5.8 YDS,Trad,1,45.0,2.5,2.0,10.0,"Kyle Okular and Emily Buck, October 2024","All Locations > Colorado > Colorado Springs > Old Stage Rd > School of Rock > Principal's Office > 
                    Sort Routes
            ",https://www.mountainproject.com/route/200949364/flunky
200996357,High Class,5.11- YDS,Trad,1,30.0,2.7,3.0,3.0,unknown,"All Locations > Colorado > Colorado Springs > Old Stage Rd > School of Rock > High School > 
                    Sort Routes
            ",https://www.mountainproject.com/route/200996357/high-class
200996040,Rock Got No Reason,5.10 YDS,Trad,1,100.0,3.5,4.0,5.0,"Kyle Okular and Matt Sellick, October 2024","All Locations > Colorado > Colorado Springs > Old Stage Rd > School of Rock > Old School > 
                    Sort Routes
            ",https://www.mountainproject.com/route/200996040/rock-got-no-reason
201129443,King's Gambit,5.10- YDS,Trad,1,90.0,4.0,2.0,3.0,"FKA: Kyle Okular and Tom Barber, 2025","All Locations > Colorado > Colorado Springs > Old Stage Rd > Citadel > Western Alcove > 
                    Sort Routes
            ",https://www.mountainproject.com/route/201129443/kings-gambit
108805757,Lightning Bolt Cracks,5.9 YDS,Trad,1,60.0,2.9,7.0,7.0,Steve Cheyney/Stewart Green? Colorado Mountain Club?,"All Locations > Colorado > Colorado Springs > Old Stage Rd > Devil's Slide > 
                    Sort Routes
            ",https://www.mountainproject.com/route/108805757/lightning-bolt-cracks
106437657,Broken Levy,5.8 YDS,Sport,1,60.0,1.5,10.0,29.0,"Reggie Slavens/ John Salvens, 10/1/05","All Locations > Colorado > Colorado Springs > Old Stage Rd > Hurricane Ridge > W Face of Hurricane Wall > 
                    Sort Routes
            ",https://www.mountainproject.com/route/106437657/broken-levy
127179706,Thick as Thieves,5.10c/d YDS,Trad,1,70.0,3.0,7.0,10.0,"Kyle Okular and Sam Byrne, June 2024","All Locations > Colorado > Colorado Springs > Old Stage Rd > Den of Thieves > 
                    Sort Routes
            ",https://www.mountainproject.com/route/127179706/thick-as-thieves
201675630,Voice in the Deep,5.12a YDS,Sport,1,50.0,4.0,1.0,0.0,Wilson McKay,"All Locations > Colorado > Colorado Springs > Old Stage Rd > Hurricane Ridge > W Face of Hurricane Wall > 
                    Sort Routes
            ",https://www.mountainproject.com/route/201675630/voice-in-the-deep
126672676,TAKI,V6 YDS,Boulder,1,12.0,3.0,1.0,0.0,Nick Murray,"All Locations > Colorado > Colorado Springs > Old Stage Rd > Gallery > Gallery Area Bo… > Main Boulderfield > TAKI 183 Boulder > 
                    Sort Routes
            ",https://www.mountainproject.com/route/126672676/taki
122769257,Lobotomobile,5.10- YDS,Trad,1,90.0,2.9,12.0,19.0,"Sam Jones, Kent Kleven","All Locations > Colorado > Colorado Springs > Old Stage Rd > Grayback Peak > Grayback Wall > 
                    Sort Routes
            ",https://www.mountainproject.com/route/122769257/lobotomobile
201129858,Masada,5.10 YDS,Trad,1,75.0,3.5,2.0,2.0,"FKA: Kyle Okular and Matt Sellick, 2025","All Locations > Colorado > Colorado Springs > Old Stage Rd > Citadel > S Wall > 
                    Sort Routes
            ",https://www.mountainproject.com/route/201129858/masada
122769334,Atlatl,5.11c YDS,Sport,1,75.0,3.3,3.0,4.0,"Sam Jones, Cody Howling","All Locations > Colorado > Colorado Springs > Old Stage Rd > Grayback Peak > Obsidian Wall > 
                    Sort Routes
            ",https://www.mountainproject.com/route/122769334/atlatl
106436541,Mother-in-law from New Orleans,5.10b YDS,Sport,1,60.0,2.1,10.0,42.0,Bob Robertson  / Harvey Miller,"All Locations > Colorado > Colorado Springs > Old Stage Rd > Hurricane Ridge > Gully Wall > 
                    Sort Routes
            ",https://www.mountainproject.com/route/106436541/mother-in-law-from-new-orleans
0,Sign Up or Log In,,,1,,,,,,,https://www.mountainproject.com/edit/route/0?parentId=126441925
201003895,Vow of Silence,5.8 YDS,Trad,3,175.0,3.0,2.0,5.0,"FKA: Kyle Okular and Dakota Millard, 2025. It was almost certainly climbed earlier","All Locations > Colorado > Colorado Springs > Old Stage Rd > Cathedral Park > Monk > 
                    Sort Routes
            ",https://www.mountainproject.com/route/201003895/vow-of-silence
201004142,Fire and Brimstone,5.10b YDS,Trad,1,75.0,3.0,2.0,2.0,"FKA: Kyle Okular and Dakota Millard, May 2025","All Locations > Colorado > Colorado Springs > Old Stage Rd > Cathedral Park > Monk > 
                    Sort Routes
            ",https://www.mountainproject.com/route/201004142/fire-and-brimstone
126566187,El Cracko Diablillo,5.8- YDS,Trad,2,350.0,3.0,1.0,3.0,FKA: Kyle Okular,"All Locations > Colorado > Colorado Springs > Old Stage Rd > Devil's Slide > 
                    Sort Routes
            ",https://www.mountainproject.com/route/126566187/el-cracko-diablillo
122769931,Take This Job And Love It,5.7 YDS,Sport,1,100.0,2.0,4.0,7.0,"Sam Jones, Alex Hladkyj","All Locations > Colorado > Colorado Springs > Old Stage Rd > Grayback Peak > Appalachian Mud Squid… > 
                    Sort Routes
            ",https://www.mountainproject.com/route/122769931/take-this-job-and-love-it
201014624,Flagellation,5.10+ YDS,Trad,1,60.0,3.0,1.0,0.0,unknown,"All Locations > Colorado > Colorado Springs > Old Stage Rd > Cathedral Park > Hermitage > 
                    Sort Routes
            ",https://www.mountainproject.com/route/201014624/flagellation
201129895,Men-at-Arms,5.10a YDS,Trad,1,70.0,3.0,1.0,1.0,"FKA: Matt Sellick, Kyle Okular and Tom Barber, 2025","All Locations > Colorado > Colorado Springs > Old Stage Rd > Citadel > S Wall > 
                    Sort Routes
            ",https://www.mountainproject.com/route/201129895/men-at-arms
201150116,Super Smash Bros.,5.11 YDS,Sport,2,145.0,2.5,2.0,5.0,"Dakota Millard, Savana Dumler, 06/2025","All Locations > Colorado > Colorado Springs > Old Stage Rd > Grayback Peak > Battletoads Wall > 
                    Sort Routes
            ",https://www.mountainproject.com/route/201150116/super-smash-bros
126193650,Earl's Unexpected Detour,5.11a YDS,Trad,1,80.0,3.2,5.0,17.0,"Sam Jones, Brian Smith, Dakota Millard","All Locations > Colorado > Colorado Springs > Old Stage Rd > Grayback Peak > Grayback Wall > 
                    Sort Routes
            ",https://www.mountainproject.com/route/126193650/earls-unexpected-detour
126361015,Lucky Strike,5.10b YDS,Sport,1,70.0,3.6,46.0,128.0,"Matt Sellick, Casey Graham","All Locations > Colorado > Colorado Springs > Old Stage Rd > Gallery > Installation Wall > 
                    Sort Routes
            ",https://www.mountainproject.com/route/126361015/lucky-strike
126361508,End of the Trail,5.10b YDS,Sport,1,35.0,3.1,15.0,33.0,"Sean Herlihy, Matt Sellick","All Locations > Colorado > Colorado Springs > Old Stage Rd > Gallery > Installation Wall > 
                    Sort Routes
            ",https://www.mountainproject.com/route/126361508/end-of-the-trail
200949538,Kings of the Jungle Gym,5.10a YDS,Trad,1,90.0,3.0,2.0,2.0,"Kyle Okular and Emily Buck, October 2024","All Locations > Colorado > Colorado Springs > Old Stage Rd > School of Rock > Jungle Gym > 
                    Sort Routes
            ",https://www.mountainproject.com/route/200949538/kings-of-the-jungle-gym
126531635,Optical Delusion,V4 YDS,Boulder,1,10.0,3.7,3.0,5.0,"Drew Hartfield, July 2024","All Locations > Colorado > Colorado Springs > Old Stage Rd > Gallery > Gallery Area Bo… > Main Boulderfield > Cave Boulder > 
                    Sort Routes
            ",https://www.mountainproject.com/route/126531635/optical-delusion
122770124,Chart Toppin' Hair,5.10d YDS,Sport,1,60.0,3.0,4.0,5.0,"Sam Jones, Nate Stockdale","All Locations > Colorado > Colorado Springs > Old Stage Rd > Grayback Peak > Appalachian Mud Squid… > 
                    Sort Routes
            ",https://www.mountainproject.com/route/122770124/chart-toppin-hair
201013643,Crown of Thornes,5.9 YDS,Trad,1,90.0,3.0,1.0,1.0,"Kyle Okular and Jeff Davis, May 2025","All Locations > Colorado > Colorado Springs > Old Stage Rd > Cathedral Park > Chapel > 
                    Sort Routes
            ",https://www.mountainproject.com/route/201013643/crown-of-thornes
126361705,Sweetheart of the Rodeo,5.5 YDS,Trad,1,50.0,1.7,12.0,32.0,Matt Sellick,"All Locations > Colorado > Colorado Springs > Old Stage Rd > Gallery > Jo Mora Wall > 
                    Sort Routes
            ",https://www.mountainproject.com/route/126361705/sweetheart-of-the-rodeo
122770163,Appalachian Mud Squid,5.8 YDS,Sport,1,110.0,3.0,3.0,5.0,Sam Jones,"All Locations > Colorado > Colorado Springs > Old Stage Rd > Grayback Peak > Appalachian Mud Squid… > 
                    Sort Routes
            ",https://www.mountainproject.com/route/122770163/appalachian-mud-squid
201006266,Pearls Before Swine,5.10a YDS,Trad,2,120.0,3.0,1.0,1.0,"FKA: Kyle Okular and Will Quillman, April 2024","All Locations > Colorado > Colorado Springs > Old Stage Rd > Cathedral Park > Chapel > 
                    Sort Routes
            ",https://www.mountainproject.com/route/201006266/pearls-before-swine
126362114,The Grinder,V1 YDS,Boulder,1,18.0,3.0,3.0,5.0,Matt Sellick,"All Locations > Colorado > Colorado Springs > Old Stage Rd > Gallery > Gallery Area Bo… > Diego Rivera Boulder > 
                    Sort Routes
            ",https://www.mountainproject.com/route/126362114/the-grinder
201342143,Talley's Waterloo,5.9 YDS,Trad,1,80.0,2.0,1.0,0.0,"Patrick Talley, Alex Rodriguez, Bill Olszewski, 10/2/2024","All Locations > Colorado > Colorado Springs > Old Stage Rd > Ambiguously Uncertain… > 
                    Sort Routes
            ",https://www.mountainproject.com/route/201342143/talleys-waterloo
106437624,Ophelia,5.9+ YDS,Sport,1,70.0,2.0,17.0,45.0,"John Fogg/ Don Allred/ Bob Robertson, 9-24-05","All Locations > Colorado > Colorado Springs > Old Stage Rd > Hurricane Ridge > Hurricane Wall > 
                    Sort Routes
            ",https://www.mountainproject.com/route/106437624/ophelia
124351371,California Sober,5.12a YDS,Sport,1,85.0,4.0,7.0,7.0,"Jones with help from Foard, Acri, and Stockdale","All Locations > Colorado > Colorado Springs > Old Stage Rd > Grayback Peak > Grayback Wall > 
                    Sort Routes
            ",https://www.mountainproject.com/route/124351371/california-sober
105756922,The Martyr,5.9+ YDS,Trad,2,300.0,3.8,121.0,290.0,"Stouch, Cheyney, Croff in the early '60s","All Locations > Colorado > Colorado Springs > Old Stage Rd > Saint Peter's Overlook > 
                    Sort Routes
            ",https://www.mountainproject.com/route/105756922/the-martyr
126562860,Devil on Horseback,5.7 YDS,Sport,3,400.0,2.8,5.0,25.0,"Kyle Okular and Emily Buck, July 2024","All Locations > Colorado > Colorado Springs > Old Stage Rd > Devil's Slide > 
                    Sort Routes
            ",https://www.mountainproject.com/route/126562860/devil-on-horseback
0,Sign Up or Log In,,,1,,,,,,,https://www.mountainproject.com/edit/route/0?parentId=126459395
126578217,Andy's War Hole,V8 YDS,Boulder,1,,3.0,1.0,0.0,Nick Murray,"All Locations > Colorado > Colorado Springs > Old Stage Rd > Gallery > Gallery Area Bo… > Main Boulderfield > Andy Warhol Boulder > 
                    Sort Routes
            ",https://www.mountainproject.com/route/126578217/andys-war-hole
118875704,Tsunami,5.12b YDS,Sport,1,,3.9,17.0,54.0,"Tyler Casey, equipped by Corey Wager","All Locations > Colorado > Colorado Springs > Old Stage Rd > Hurricane Ridge > Typhoon Lagoon > 
                    Sort Routes
            ",https://www.mountainproject.com/route/118875704/tsunami
201004653,The Call of Cthulhu,5.8 YDS,Trad,2,150.0,3.0,1.0,1.0,"FKA: Kyle Okuar and Will Quillman, Feb. 2025","All Locations > Colorado > Colorado Springs > Old Stage Rd > Cathedral Park > Kraken > 
                    Sort Routes
            ",https://www.mountainproject.com/route/201004653/the-call-of-cthulhu
201129215,Drawn and Quartered,5.10 YDS,Trad,1,80.0,3.5,2.0,2.0,"Kyle Okular and Will Quillman, June 2025","All Locations > Colorado > Colorado Springs > Old Stage Rd > Citadel > Western Alcove > 
                    Sort Routes
            ",https://www.mountainproject.com/route/201129215/drawn-and-quartered
126566102,Devil in the Details,5.9 YDS,Sport,1,100.0,3.0,2.0,3.0,"Kyle Okular and Emily Buck, July 2024","All Locations > Colorado > Colorado Springs > Old Stage Rd > Devil's Slide > 
                    Sort Routes
            ",https://www.mountainproject.com/route/126566102/devil-in-the-details
124468364,Trad Gone Bad,5.9 YDS,Trad,4,400.0,3.5,4.0,6.0,"John Cato, Pete Gallagher, Mark Hesse, Mark Van Horn (?), 2012","All Locations > Colorado > Colorado Springs > Old Stage Rd > Mt Vigil > 
                    Sort Routes
            ",https://www.mountainproject.com/route/124468364/trad-gone-bad
201015127,Hail Mary,5.10a YDS,Trad,2,110.0,3.0,1.0,1.0,"Kyle Okular and Emily Buck, April 2025","All Locations > Colorado > Colorado Springs > Old Stage Rd > Cathedral Park > Slabernacle > 
                    Sort Routes
            ",https://www.mountainproject.com/route/201015127/hail-mary
126962244,Self-Obliteration No. 2,V2 YDS,Boulder,1,35.0,2.0,1.0,0.0,Nick Murray,"All Locations > Colorado > Colorado Springs > Old Stage Rd > Gallery > Gallery Area Bo… > Main Boulderfield > Yayoi Kusama Boulder > 
                    Sort Routes
            ",https://www.mountainproject.com/route/126962244/self-obliteration-no-2
126576474,Zipped,5.10a YDS,Sport,2,200.0,2.6,7.0,13.0,"Phil Wortmann, Sean Herlihy","All Locations > Colorado > Colorado Springs > Old Stage Rd > Hully Gully (Rock) > 
                    Sort Routes
            ",https://www.mountainproject.com/route/126576474/zipped
126101656,Hush Money,5.11b/c YDS,Sport,1,52.0,3.5,2.0,3.0,"Dakota Millard, Sam Jones, Nate Stockdale, 5/24","All Locations > Colorado > Colorado Springs > Old Stage Rd > Grayback Peak > Breaking News Wall > 
                    Sort Routes
            ",https://www.mountainproject.com/route/126101656/hush-money
200996250,Read Between the Lines,5.10- YDS,Trad,1,105.0,3.0,1.0,1.0,"Kyle Okular and Matt Sellick, October 2024","All Locations > Colorado > Colorado Springs > Old Stage Rd > School of Rock > Old School > 
                    Sort Routes
            ",https://www.mountainproject.com/route/200996250/read-between-the-lines
201492211,School's Out Forever,5.9 YDS,Trad,1,30.0,3.0,1.0,0.0,Kyle Okular and Sam Byrne,"All Locations > Colorado > Colorado Springs > Old Stage Rd > School of Rock > High School > 
                    Sort Routes
            ",https://www.mountainproject.com/route/201492211/schools-out-forever
201129130,Self Sandbag,5.10a YDS,Trad,1,40.0,3.0,1.0,1.0,"first known free ascent: Kyle Okular and Matt Sellick, January 2025","All Locations > Colorado > Colorado Springs > Old Stage Rd > Citadel > E Wall > 
                    Sort Routes
            ",https://www.mountainproject.com/route/201129130/self-sandbag
126360939,Roots,5.12a YDS,Sport,1,70.0,2.5,10.0,21.0,Jared Reene,"All Locations > Colorado > Colorado Springs > Old Stage Rd > Gallery > Installation Wall > 
                    Sort Routes
            ",https://www.mountainproject.com/route/126360939/roots
106437653,Balloon Boy,5.8 YDS,Sport,1,60.0,2.4,20.0,63.0,"Harvey Miller/ Bob Robertson, 9-1-05","All Locations > Colorado > Colorado Springs > Old Stage Rd > Hurricane Ridge > W Face of Hurricane Wall > 
                    Sort Routes
            ",https://www.mountainproject.com/route/106437653/balloon-boy
126361488,Buffalo Nickel,5.10a YDS,Sport,1,40.0,2.5,18.0,42.0,"Matt Sellick, Kirt Lawless, Sean Verfurth","All Locations > Colorado > Colorado Springs > Old Stage Rd > Gallery > Installation Wall > 
                    Sort Routes
            ",https://www.mountainproject.com/route/126361488/buffalo-nickel
126672627,Optical Inclusion,V5 YDS,Boulder,1,10.0,3.0,1.0,0.0,Nick Murray,"All Locations > Colorado > Colorado Springs > Old Stage Rd > Gallery > Gallery Area Bo… > Main Boulderfield > Cave Boulder > 
                    Sort Routes
            ",https://www.mountainproject.com/route/126672627/optical-inclusion
201342320,Not All Who Wander are Lost,5.8+ YDS,Sport,1,95.0,2.0,1.0,0.0,"Bill Olszewski, Joey Cavanaugh, Patrick Talley, 10/8/2020","All Locations > Colorado > Colorado Springs > Old Stage Rd > Ambiguously Uncertain… > 
                    Sort Routes
            ",https://www.mountainproject.com/route/201342320/not-all-who-wander-are-lost
126531714,Optical Delusion Sit (open project),V11-12 YDS,Boulder,1,10.0,4.0,1.0,0.0,unknown,"All Locations > Colorado > Colorado Springs > Old Stage Rd > Gallery > Gallery Area Bo… > Main Boulderfield > Cave Boulder > 
                    Sort Routes
            ",https://www.mountainproject.com/route/126531714/optical-delusion-sit-open-project
201492241,A Class of Its Own,5.10d YDS,Trad,1,40.0,3.0,1.0,0.0,Kyle Okular and Sam Byrne,"All Locations > Colorado > Colorado Springs > Old Stage Rd > School of Rock > High School > 
                    Sort Routes
            ",https://www.mountainproject.com/route/201492241/a-class-of-its-own
201014211,The Ascension,5.9 YDS,Trad,5,450.0,3.5,2.0,5.0,"Kyle Okular, Will Quillman, and Jeff Davis, April 2025","All Locations > Colorado > Colorado Springs > Old Stage Rd > Cathedral Park > Hermitage > 
                    Sort Routes
            ",https://www.mountainproject.com/route/201014211/the-ascension
200831178,Zapped,5.10b YDS,Sport,2,190.0,2.5,2.0,1.0,"Phil Wortmann, Geoff Mann, Wade Curtis","All Locations > Colorado > Colorado Springs > Old Stage Rd > Hully Gully (Rock) > 
                    Sort Routes
            ",https://www.mountainproject.com/route/200831178/zapped
106511385,Unknown on the Right,5.9+ YDS,Trad,1,75.0,2.7,3.0,2.0,unknown,"All Locations > Colorado > Colorado Springs > Old Stage Rd > Saint Peter's Overlook > 
                    Sort Routes
            ",https://www.mountainproject.com/route/106511385/unknown-on-the-right
108180808,Unknown 5.12c/d,5.12c/d YDS,Sport,1,60.0,1.4,5.0,8.0,????,"All Locations > Colorado > Colorado Springs > Old Stage Rd > Hurricane Ridge > W Face of Hurricane Wall > 
                    Sort Routes
            ",https://www.mountainproject.com/route/108180808/unknown-512cd
201005105,Davy Jones Locker,5.10a YDS,Trad,1,70.0,3.0,1.0,1.0,"Kyle Okular and Will Quillman, March 2025","All Locations > Colorado > Colorado Springs > Old Stage Rd > Cathedral Park > Kraken > 
                    Sort Routes
            ",https://www.mountainproject.com/route/201005105/davy-jones-locker
201130838,Trebuchet,5.10a YDS,Trad,1,60.0,3.0,3.0,5.0,"FKA: Kyle Okular and Sean Herlihy, 2025","All Locations > Colorado > Colorado Springs > Old Stage Rd > Citadel > S Wall > 
                    Sort Routes
            ",https://www.mountainproject.com/route/201130838/trebuchet
200949040,Too Cool for School,5.10a YDS,Trad,1,65.0,3.3,3.0,8.0,"Kyle Okular and Emily Buck, October 2024","All Locations > Colorado > Colorado Springs > Old Stage Rd > School of Rock > Principal's Office > 
                    Sort Routes
            ",https://www.mountainproject.com/route/200949040/too-cool-for-school
126361098,Pop Shop 3,5.11c YDS,Sport,1,90.0,2.9,17.0,57.0,"Jared Reene, Matt Sellick","All Locations > Colorado > Colorado Springs > Old Stage Rd > Gallery > Installation Wall > 
                    Sort Routes
            ",https://www.mountainproject.com/route/126361098/pop-shop-3
126597925,The Impressionist,V6 YDS,Boulder,1,12.0,2.5,2.0,1.0,"Josh Felton, July 2024","All Locations > Colorado > Colorado Springs > Old Stage Rd > Gallery > Gallery Area Bo… > Main Boulderfield > Van Gogh Boulder > 
                    Sort Routes
            ",https://www.mountainproject.com/route/126597925/the-impressionist
126362196,Diurnal Fantasies,V6 YDS,Boulder,1,15.0,3.5,2.0,1.0,Drew Hartfield,"All Locations > Colorado > Colorado Springs > Old Stage Rd > Gallery > Gallery Area Bo… > Salvador Dali Boulder > 
                    Sort Routes
            ",https://www.mountainproject.com/route/126362196/diurnal-fantasies
122768886,Grayback Crack,5.8+ YDS,Trad,1,95.0,3.7,18.0,43.0,unknown,"All Locations > Colorado > Colorado Springs > Old Stage Rd > Grayback Peak > Grayback Wall > 
                    Sort Routes
            ",https://www.mountainproject.com/route/122768886/grayback-crack
201005022,The Abysmal Sea,5.8+ YDS,Trad,4,300.0,3.0,1.0,1.0,"FKA: Kyle Okular and Kyle Schneider, March 2025 (likely climbed earlier)","All Locations > Colorado > Colorado Springs > Old Stage Rd > Cathedral Park > Kraken > 
                    Sort Routes
            ",https://www.mountainproject.com/route/201005022/the-abysmal-sea
200949578,Gym Class Heroes,5.10- YDS,Trad,1,70.0,3.0,2.0,2.0,"Kyle Okular and Emily Buck, October 2024","All Locations > Colorado > Colorado Springs > Old Stage Rd > School of Rock > Jungle Gym > 
                    Sort Routes
            ",https://www.mountainproject.com/route/200949578/gym-class-heroes
126361259,Love and Watermelon,5.10c YDS,Sport,1,90.0,2.9,11.0,42.0,"Matt Sellick, Sean Verfurth","All Locations > Colorado > Colorado Springs > Old Stage Rd > Gallery > Installation Wall > 
                    Sort Routes
            ",https://www.mountainproject.com/route/126361259/love-and-watermelon
122770391,Tourretesosaurus-Rex,5.9+ YDS,Trad,1,75.0,3.0,4.0,2.0,"Jones, et al./ unknown","All Locations > Colorado > Colorado Springs > Old Stage Rd > Grayback Peak > Grayback Wall > 
                    Sort Routes
            ",https://www.mountainproject.com/route/122770391/tourretesosaurus-rex
201127547,Castles in the Sky,5.10- YDS,Trad,1,105.0,3.3,3.0,4.0,"first known free ascent: Kyle Okular and Matt Sellick, January 2025","All Locations > Colorado > Colorado Springs > Old Stage Rd > Citadel > E Wall > 
                    Sort Routes
            ",https://www.mountainproject.com/route/201127547/castles-in-the-sky
201130073,West Point of the South,5.10a YDS,Trad,1,60.0,2.0,1.0,1.0,FKA: Kyle Okular and Phil Wortmann,"All Locations > Colorado > Colorado Springs > Old Stage Rd > Citadel > S Wall > 
                    Sort Routes
            ",https://www.mountainproject.com/route/201130073/west-point-of-the-south
201015085,Plastic Jesus,5.7 YDS,Trad,2,110.0,3.0,1.0,1.0,"Kyle Okular and Emily Buck, April 2025","All Locations > Colorado > Colorado Springs > Old Stage Rd > Cathedral Park > Slabernacle > 
                    Sort Routes
            ",https://www.mountainproject.com/route/201015085/plastic-jesus
126361133,Safe Sex,5.11b YDS,Sport,1,80.0,2.6,12.0,38.0,Matt Sellick,"All Locations > Colorado > Colorado Springs > Old Stage Rd > Gallery > Installation Wall > 
                    Sort Routes
            ",https://www.mountainproject.com/route/126361133/safe-sex
0,Sign Up or Log In,,,1,,,,,,,https://www.mountainproject.com/edit/route/0?parentId=126459490
200931246,Uphill Both Ways,5.9 YDS,Trad,1,70.0,3.0,1.0,8.0,"Kyle Okular and Emily Buck, October 2024","All Locations > Colorado > Colorado Springs > Old Stage Rd > School of Rock > Halcyon Days > 
                    Sort Routes
            ",https://www.mountainproject.com/route/200931246/uphill-both-ways
201129935,The Best Thing About a Sapper,5.8 YDS,Trad,1,70.0,3.0,4.0,4.0,"FKA: Kyle Okular and Matt Sellick, 2025","All Locations > Colorado > Colorado Springs > Old Stage Rd > Citadel > S Wall > 
                    Sort Routes
            ",https://www.mountainproject.com/route/201129935/the-best-thing-about-a-sapper
126361732,Californios,5.6 YDS,Trad,1,40.0,1.9,7.0,31.0,Matt Sellick,"All Locations > Colorado > Colorado Springs > Old Stage Rd > Gallery > Jo Mora Wall > 
                    Sort Routes
            ",https://www.mountainproject.com/route/126361732/californios
126361460,Heritage,5.7 YDS,Trad,1,35.0,1.6,11.0,20.0,"Matt Sellick, Kirt Lawless","All Locations > Colorado > Colorado Springs > Old Stage Rd > Gallery > Installation Wall > 
                    Sort Routes
            ",https://www.mountainproject.com/route/126361460/heritage
122769969,Truck Boat Truck,5.11b YDS,Sport,1,55.0,3.0,3.0,3.0,Alex Hladkyj,"All Locations > Colorado > Colorado Springs > Old Stage Rd > Grayback Peak > Appalachian Mud Squid… > 
                    Sort Routes
            ",https://www.mountainproject.com/route/122769969/truck-boat-truck
200908137,Ayatollah Rock and Rolla,5.10b YDS,Trad,1,70.0,3.0,1.0,2.0,"FKA: Kyle Okular and Emily Buck, May 2025","All Locations > Colorado > Colorado Springs > Old Stage Rd > Rd Warrior Crag > 
                    Sort Routes
            ",https://www.mountainproject.com/route/200908137/ayatollah-rock-and-rolla
0,Sign Up or Log In,,,1,,,,,,,https://www.mountainproject.com/edit/route/0?parentId=126463169
107614277,Squeezepenny Rib-Fest,5.9+ YDS,Trad,1,200.0,2.0,1.0,0.0,"Newton Banks and Mitchell Rea, 05/18/12","All Locations > Colorado > Colorado Springs > Old Stage Rd > Ambiguously Uncertain… > 
                    Sort Routes
            ",https://www.mountainproject.com/route/107614277/squeezepenny-rib-fest
201004813,Thunder in the Deep,5.8+ YDS,Trad,3,300.0,4.0,6.0,7.0,"Kyle Okular and Matt Sellick (full variation with bolted P3), May 2025","All Locations > Colorado > Colorado Springs > Old Stage Rd > Cathedral Park > Kraken > 
                    Sort Routes
            ",https://www.mountainproject.com/route/201004813/thunder-in-the-deep
106437648,F.E.M.A,5.9+ YDS,Sport,1,70.0,2.1,16.0,43.0,"Ray Floyd/ Marry Hahn, 9-24-05","All Locations > Colorado > Colorado Springs > Old Stage Rd > Hurricane Ridge > W Face of Hurricane Wall > 
                    Sort Routes
            ",https://www.mountainproject.com/route/106437648/fema
200982071,Up in the Air,5.11- YDS,Trad,3,400.0,3.0,2.0,2.0,"Kyle Okular and Tom Barber, May 2025 (Tom crushed the onsight of pitch 1)","All Locations > Colorado > Colorado Springs > Old Stage Rd > Ambiguously Uncertain… > 
                    Sort Routes
            ",https://www.mountainproject.com/route/200982071/up-in-the-air
200948878,Swirly,5.9 YDS,Trad,1,80.0,3.0,1.0,5.0,"Kyle Okular and Emily Buck, October 2024","All Locations > Colorado > Colorado Springs > Old Stage Rd > School of Rock > Principal's Office > 
                    Sort Routes
            ",https://www.mountainproject.com/route/200948878/swirly
126967530,Springboard,5.7 YDS,Sport,1,30.0,2.2,5.0,11.0,Matt Sellick,"All Locations > Colorado > Colorado Springs > Old Stage Rd > Gallery > Ernie Barnes Walls > 
                    Sort Routes
            ",https://www.mountainproject.com/route/126967530/springboard
126838256,Abstraktes Bild,V5 YDS,Boulder,1,6.0,3.0,2.0,1.0,Nick Murray,"All Locations > Colorado > Colorado Springs > Old Stage Rd > Gallery > Gallery Area Bo… > Main Boulderfield > Richter Rock > 
                    Sort Routes
            ",https://www.mountainproject.com/route/126838256/abstraktes-bild
200931204,The Oldsmobile Route,5.6 YDS,Trad,1,70.0,2.8,5.0,14.0,"Kyle Okular and Emily Buck, October 2024","All Locations > Colorado > Colorado Springs > Old Stage Rd > School of Rock > Halcyon Days > 
                    Sort Routes
            ",https://www.mountainproject.com/route/200931204/the-oldsmobile-route
0,Sign Up or Log In,,,1,,,,,,,https://www.mountainproject.com/edit/route/0?parentId=120652431
126566960,Friend of the Devil,5.5 YDS,Trad,2,450.0,2.5,4.0,5.0,"FKA: Kyle Okular and Emily Buck, July 2024","All Locations > Colorado > Colorado Springs > Old Stage Rd > Devil's Slide > 
                    Sort Routes
            ",https://www.mountainproject.com/route/126566960/friend-of-the-devil
126360963,The Broken Column,5.8+ YDS,Sport,1,80.0,2.3,24.0,97.0,"Matt Sellick, Kirt Lawless","All Locations > Colorado > Colorado Springs > Old Stage Rd > Gallery > Installation Wall > 
                    Sort Routes
            ",https://www.mountainproject.com/route/126360963/the-broken-column
122769722,Emerald Face,5.8 YDS,Sport,1,145.0,3.5,2.0,7.0,Sam Jones,"All Locations > Colorado > Colorado Springs > Old Stage Rd > Grayback Peak > Emerald Wall > 
                    Sort Routes
            ",https://www.mountainproject.com/route/122769722/emerald-face
126301525,Edward 40 Hands,5.11a YDS,Sport,1,75.0,3.9,7.0,13.0,"Dakota Millard, Nate Stockdale, and Sam Jones","All Locations > Colorado > Colorado Springs > Old Stage Rd > Grayback Peak > Grayback Wall > 
                    Sort Routes
            ",https://www.mountainproject.com/route/126301525/edward-40-hands
201014694,Opus Dei,5.9 YDS,Trad,1,70.0,3.0,1.0,1.0,"Kyle Okular and Sam Byrne, May 2025","All Locations > Colorado > Colorado Springs > Old Stage Rd > Cathedral Park > Hermitage > 
                    Sort Routes
            ",https://www.mountainproject.com/route/201014694/opus-dei
126967460,The Advocate,5.4 YDS,Sport,1,30.0,1.9,7.0,9.0,"Matt Sellick, Kyle Schneider","All Locations > Colorado > Colorado Springs > Old Stage Rd > Gallery > Ernie Barnes Walls > 
                    Sort Routes
            ",https://www.mountainproject.com/route/126967460/the-advocate
105760617,Athenian Arete,5.12- YDS,Trad,2,200.0,2.7,3.0,2.0,Mark Van Horn - 1993,"All Locations > Colorado > Colorado Springs > Old Stage Rd > Saint Peter's Overlook > 
                    Sort Routes
            ",https://www.mountainproject.com/route/105760617/athenian-arete
127180338,Redhanded,5.11a YDS,Trad,1,95.0,3.6,5.0,8.0,"Kyle Okular and Matt Sellick, September 2024","All Locations > Colorado > Colorado Springs > Old Stage Rd > Den of Thieves > 
                    Sort Routes
            ",https://www.mountainproject.com/route/127180338/redhanded
125217285,The San Luis Stairmaster,5.7 YDS,Trad,5,1400.0,3.0,1.0,0.0,unknown,"All Locations > Colorado > Colorado Springs > Old Stage Rd > S San Luis Peak Slabs > 
                    Sort Routes
            ",https://www.mountainproject.com/route/125217285/the-san-luis-stairmaster
126563105,Devil His Due,5.7 YDS,Sport,3,400.0,2.3,3.0,9.0,"Kyle Okular and Emily Buck, July 2024","All Locations > Colorado > Colorado Springs > Old Stage Rd > Devil's Slide > 
                    Sort Routes
            ",https://www.mountainproject.com/route/126563105/devil-his-due
125111014,Fire and Brimstone,5.13c YDS,Sport,1,50.0,2.0,2.0,1.0,"Vasya Vorotnikov, bolted by Corey Wager","All Locations > Colorado > Colorado Springs > Old Stage Rd > Purgatory > 
                    Sort Routes
            ",https://www.mountainproject.com/route/125111014/fire-and-brimstone-project
122769379,Flint Knap,5.9+ YDS,Sport,1,65.0,3.0,4.0,7.0,"Sam Jones, Alex Wilbur","All Locations > Colorado > Colorado Springs > Old Stage Rd > Grayback Peak > Obsidian Wall > 
                    Sort Routes
            ",https://www.mountainproject.com/route/122769379/flint-knap
201342268,Wanderlost,5.7 YDS,Sport,1,110.0,2.0,1.0,0.0,"Bill Olszewski, Patrick Talley, 9/28/2019","All Locations > Colorado > Colorado Springs > Old Stage Rd > Ambiguously Uncertain… > 
                    Sort Routes
            ",https://www.mountainproject.com/route/201342268/wanderlost
126566129,Deal with the Devil,5.10a YDS,Sport,1,100.0,3.0,1.0,3.0,"Kyle Okular and Emily Buck, July 2024","All Locations > Colorado > Colorado Springs > Old Stage Rd > Devil's Slide > 
                    Sort Routes
            ",https://www.mountainproject.com/route/126566129/deal-with-the-devil
200949093,Smokin' in the Boys Room,5.7+ YDS,Trad,1,65.0,2.9,7.0,21.0,"Kyle Okular and Emily Buck, October 2024","All Locations > Colorado > Colorado Springs > Old Stage Rd > School of Rock > Principal's Office > 
                    Sort Routes
            ",https://www.mountainproject.com/route/200949093/smokin-in-the-boys-room
201129753,Storming the Tower,5.8 YDS,Trad,1,70.0,2.0,1.0,2.0,"Kyle Okular and Tom Barber, 2025","All Locations > Colorado > Colorado Springs > Old Stage Rd > Citadel > S Wall > 
                    Sort Routes
            ",https://www.mountainproject.com/route/201129753/storming-the-tower
126578623,Fountain,V6 YDS,Boulder,1,12.0,2.7,3.0,3.0,Nick Murray,"All Locations > Colorado > Colorado Springs > Old Stage Rd > Gallery > Gallery Area Bo… > Main Boulderfield > Duchamp Boulder > 
                    Sort Routes
            ",https://www.mountainproject.com/route/126578623/fountain
122770252,Battletoads,5.11b YDS,Sport,2,220.0,3.5,4.0,8.0,"Sam Jones, Alex Hladkyj","All Locations > Colorado > Colorado Springs > Old Stage Rd > Grayback Peak > Battletoads Wall > 
                    Sort Routes
            ",https://www.mountainproject.com/route/122770252/battletoads
201116118,Cathedral Park Ultimate Link Up,5.9 YDS,Trad,20,2000.0,3.0,1.0,0.0,unknown,"All Locations > Colorado > Colorado Springs > Old Stage Rd > Cathedral Park > Monk > 
                    Sort Routes
            ",https://www.mountainproject.com/route/201116118/cathedral-park-ultimate-link-up
126046155,Weaponized Armchair Expert,5.10b YDS,Sport,1,55.0,2.3,3.0,4.0,"Jones, Okular","All Locations > Colorado > Colorado Springs > Old Stage Rd > Grayback Peak > Breaking News Wall > 
                    Sort Routes
            ",https://www.mountainproject.com/route/126046155/weaponized-armchair-expert
200931184,The First Day of 18th Grade,5.7 YDS,Trad,1,70.0,2.5,6.0,10.0,"Kyle Okular and Emily Buck, October 2024","All Locations > Colorado > Colorado Springs > Old Stage Rd > School of Rock > Halcyon Days > 
                    Sort Routes
            ",https://www.mountainproject.com/route/200931184/the-first-day-of-18th-grade
201122508,All Hail Miles Dog,5.10b YDS,Sport,1,50.0,2.6,7.0,19.0,"Dakota Millard, Chase Gorowski, 6/2025","All Locations > Colorado > Colorado Springs > Old Stage Rd > Gallery > Installation Wall > 
                    Sort Routes
            ",https://www.mountainproject.com/route/201122508/all-hail-miles-dog
105760614,Pearly Gates,5.10a YDS,Trad,1,160.0,3.6,34.0,51.0,unknown,"All Locations > Colorado > Colorado Springs > Old Stage Rd > Saint Peter's Overlook > 
                    Sort Routes
            ",https://www.mountainproject.com/route/105760614/pearly-gates
126578457,L.H.O.O.Q.,V2 YDS,Boulder,1,,2.0,1.0,0.0,Nick Murray,"All Locations > Colorado > Colorado Springs > Old Stage Rd > Gallery > Gallery Area Bo… > Main Boulderfield > Duchamp Boulder > 
                    Sort Routes
            ",https://www.mountainproject.com/route/126578457/lhooq
126361765,The Evolution of the Cowboy,5.8 YDS,Trad,1,40.0,2.8,17.0,49.0,Matt Sellick,"All Locations > Colorado > Colorado Springs > Old Stage Rd > Gallery > Jo Mora Wall > 
                    Sort Routes
            ",https://www.mountainproject.com/route/126361765/the-evolution-of-the-cowboy
201144993,Wyeth's Pig,5.9 YDS,Sport,1,65.0,2.2,11.0,30.0,"Savana Dumler, Jay Bennett, Dakota Millard, 6/2025","All Locations > Colorado > Colorado Springs > Old Stage Rd > Gallery > Installation Wall > 
                    Sort Routes
            ",https://www.mountainproject.com/route/201144993/wyeths-pig
200907964,World of Fire and Blood,5.11 YDS,Trad,1,70.0,2.0,2.0,1.0,"Brent Law, August 2025","All Locations > Colorado > Colorado Springs > Old Stage Rd > Rd Warrior Crag > 
                    Sort Routes
            ",https://www.mountainproject.com/route/200907964/world-of-fire-and-blood
122768924,The Outer Darkness,5.11c YDS,Trad,1,110.0,3.5,6.0,10.0,Sam Jones,"All Locations > Colorado > Colorado Springs > Old Stage Rd > Grayback Peak > Grayback Wall > 
                    Sort Routes
            ",https://www.mountainproject.com/route/122768924/the-outer-darkness
201130880,Bubbas in the Valley,5.11c YDS,Trad,1,60.0,4.0,5.0,6.0,"FFA: Tom Barber and crew, June 2025","All Locations > Colorado > Colorado Springs > Old Stage Rd > Citadel > S Wall > 
                    Sort Routes
            ",https://www.mountainproject.com/route/201130880/bubbas-in-the-valley
126566084,Devil on My Shoulder,5.10 YDS,TR,1,100.0,2.0,1.0,1.0,Kyle Okular,"All Locations > Colorado > Colorado Springs > Old Stage Rd > Devil's Slide > 
                    Sort Routes
            ",https://www.mountainproject.com/route/126566084/devil-on-my-shoulder
201130182,The Mountaineer's Route,5.7 YDS,Trad,3,300.0,2.0,1.0,0.0,"P1: Kyle Okular and Matt Sellick, 2025. P2-P3: unknown but judging by the ring piton long ago","All Locations > Colorado > Colorado Springs > Old Stage Rd > Citadel > S Wall > 
                    Sort Routes
            ",https://www.mountainproject.com/route/201130182/the-mountaineers-route
122769698,Emerald Fields,5.10b YDS,Trad,1,80.0,3.0,2.0,6.0,Sam Jones,"All Locations > Colorado > Colorado Springs > Old Stage Rd > Grayback Peak > Emerald Wall > 
                    Sort Routes
            ",https://www.mountainproject.com/route/122769698/emerald-fields
125111079,Purification,5.13c YDS,Sport,1,50.0,3.7,3.0,1.0,"Vasya Vorotnikov, bolted by Corey Wager","All Locations > Colorado > Colorado Springs > Old Stage Rd > Purgatory > 
                    Sort Routes
            ",https://www.mountainproject.com/route/125111079/purification-project
126577583,Zapatista Landscape,V5 YDS,Boulder,1,15.0,3.0,2.0,1.0,Nick Murray,"All Locations > Colorado > Colorado Springs > Old Stage Rd > Gallery > Gallery Area Bo… > Diego Rivera Boulder > 
                    Sort Routes
            ",https://www.mountainproject.com/route/126577583/zapatista-landscape
200996460,Desk Jockey,5.7 YDS,Trad,1,25.0,2.0,1.0,1.0,"Kyle Okular, Sam Byrne, and Ben, November 2024","All Locations > Colorado > Colorado Springs > Old Stage Rd > School of Rock > High School > 
                    Sort Routes
            ",https://www.mountainproject.com/route/200996460/desk-jockey
0,Sign Up or Log In,,,1,,,,,,,https://www.mountainproject.com/edit/route/0?parentId=126452104
200981639,Undoubtedly Unequivocal,5.8 YDS,Trad,1,75.0,3.0,1.0,1.0,"Kyle Okular and Tom Barber, May 2025","All Locations > Colorado > Colorado Springs > Old Stage Rd > Ambiguously Uncertain… > 
                    Sort Routes
            ",https://www.mountainproject.com/route/200981639/undoubtedly-unequivocal
126361826,Terra Pins,5.6 YDS,Trad,1,25.0,1.3,4.0,24.0,Matt Sellick,"All Locations > Colorado > Colorado Springs > Old Stage Rd > Gallery > Jo Mora Wall > 
                    Sort Routes
            ",https://www.mountainproject.com/route/126361826/terra-pins
126672708,All City,V2 YDS,Boulder,1,15.0,3.0,2.0,1.0,Nick Murray,"All Locations > Colorado > Colorado Springs > Old Stage Rd > Gallery > Gallery Area Bo… > Main Boulderfield > TAKI 183 Boulder > 
                    Sort Routes
            ",https://www.mountainproject.com/route/126672708/all-city
106437641,Storm Surge,5.9 YDS,Sport,1,70.0,2.3,21.0,52.0,"Ray Floyd/ Marry Hahn, 9-24-05","All Locations > Colorado > Colorado Springs > Old Stage Rd > Hurricane Ridge > W Face of Hurricane Wall > 
                    Sort Routes
            ",https://www.mountainproject.com/route/106437641/storm-surge
0,Sign Up or Log In,,,1,,,,,,,https://www.mountainproject.com/edit/route/0?parentId=126441905
201129095,Copenhagen Crack,5.11b YDS,Trad,1,60.0,4.0,2.0,2.0,"presumed FA: JD Roach. Likely FFA: Tom Barber and Matt Sellick, 2025. Route developed by Kyle Okular.","All Locations > Colorado > Colorado Springs > Old Stage Rd > Citadel > E Wall > 
                    Sort Routes
            ",https://www.mountainproject.com/route/201129095/copenhagen-crack
201004057,Fall From Grace,5.11b/c YDS,Trad,1,130.0,4.0,3.0,2.0,"first known free ascent: Mike Lane, June 2025, using intermediate bolted anchors","All Locations > Colorado > Colorado Springs > Old Stage Rd > Cathedral Park > Monk > 
                    Sort Routes
            ",https://www.mountainproject.com/route/201004057/fall-from-grace
126838341,Union of Opposites,V9 YDS,Boulder,1,10.0,3.0,1.0,0.0,Nick Murray,"All Locations > Colorado > Colorado Springs > Old Stage Rd > Gallery > Gallery Area Bo… > Main Boulderfield > Cave Boulder > 
                    Sort Routes
            ",https://www.mountainproject.com/route/126838341/union-of-opposites
127192634,No Honor Among Thieves,5.11a/b YDS,Trad,1,70.0,3.0,5.0,7.0,Matt Sellick and Kyle Okular,"All Locations > Colorado > Colorado Springs > Old Stage Rd > Den of Thieves > 
                    Sort Routes
            ",https://www.mountainproject.com/route/127192634/no-honor-among-thieves
126597890,Brushstrokes,V4 YDS,Boulder,1,12.0,3.0,1.0,1.0,"Drew Hartfield, July 2024","All Locations > Colorado > Colorado Springs > Old Stage Rd > Gallery > Gallery Area Bo… > Main Boulderfield > Van Gogh Boulder > 
                    Sort Routes
            ",https://www.mountainproject.com/route/126597890/brushstrokes
126967567,Head Over Heels,5.4 YDS,Trad,1,35.0,1.5,4.0,5.0,"Matt Sellick, Kyle Schneider","All Locations > Colorado > Colorado Springs > Old Stage Rd > Gallery > Ernie Barnes Walls > 
                    Sort Routes
            ",https://www.mountainproject.com/route/126967567/head-over-heels
201129152,Village Idiot,5.6 YDS,Trad,1,40.0,2.0,2.0,2.0,"Kyle Okular and Will Quillman, June 2025","All Locations > Colorado > Colorado Springs > Old Stage Rd > Citadel > Western Alcove > 
                    Sort Routes
            ",https://www.mountainproject.com/route/201129152/village-idiot
127180134,It Takes a Thief,5.10b YDS,Trad,2,110.0,2.9,7.0,15.0,"Kyle Okular and Sam Byrne, June 2024","All Locations > Colorado > Colorado Springs > Old Stage Rd > Den of Thieves > 
                    Sort Routes
            ",https://www.mountainproject.com/route/127180134/it-takes-a-thief
126962302,Infinity Nets,V3 YDS,Boulder,1,35.0,3.0,1.0,0.0,maybe,"All Locations > Colorado > Colorado Springs > Old Stage Rd > Gallery > Gallery Area Bo… > Main Boulderfield > Yayoi Kusama Boulder > 
                    Sort Routes
            ",https://www.mountainproject.com/route/126962302/infinity-nets
201129497,Moats and Hoes,5.10a YDS,Trad,2,130.0,4.0,1.0,1.0,"FKA: Kyle Okular and Matt Sellick, January 2025","All Locations > Colorado > Colorado Springs > Old Stage Rd > Citadel > Western Alcove > 
                    Sort Routes
            ",https://www.mountainproject.com/route/201129497/moats-and-hoes
125111188,Hades Project,5.14a YDS,Sport,1,50.0,4.0,2.0,0.0,open project established by Andrew Smith/ Corey Wager,"All Locations > Colorado > Colorado Springs > Old Stage Rd > Purgatory > 
                    Sort Routes
            ",https://www.mountainproject.com/route/125111188/hades-project
200996382,Book Learning,5.9 YDS,Trad,1,40.0,2.0,1.0,1.0,"Kyle Okular and Sam Byrne, November 2024","All Locations > Colorado > Colorado Springs > Old Stage Rd > School of Rock > High School > 
                    Sort Routes
            ",https://www.mountainproject.com/route/200996382/book-learning
201006064,Losing My Religion,5.10a YDS,Trad,5,250.0,3.0,2.0,2.0,"Kyle Okular and Sam Byrne, April 2025, (full route)","All Locations > Colorado > Colorado Springs > Old Stage Rd > Cathedral Park > Bishop > 
                    Sort Routes
            ",https://www.mountainproject.com/route/201006064/losing-my-religion
201129330,Flesh Wound,5.8 YDS,Trad,1,70.0,2.0,1.0,1.0,"Kyle Okular and Tom Barber, 2025","All Locations > Colorado > Colorado Springs > Old Stage Rd > Citadel > Western Alcove > 
                    Sort Routes
            ",https://www.mountainproject.com/route/201129330/flesh-wound
200948837,Dropout,5.9 YDS,Trad,1,60.0,2.5,6.0,14.0,"Kyle Okular and Emily Buck, October 2024","All Locations > Colorado > Colorado Springs > Old Stage Rd > School of Rock > Principal's Office > 
                    Sort Routes
            ",https://www.mountainproject.com/route/200948837/dropout
126050409,Bad News Bears,5.7 YDS,Trad,1,85.0,2.0,2.0,1.0,"Sam Jones, Kyle Okular","All Locations > Colorado > Colorado Springs > Old Stage Rd > Grayback Peak > Breaking News Wall > 
                    Sort Routes
            ",https://www.mountainproject.com/route/126050409/bad-news-bears
200996404,Teacher's Pet,5.7 YDS,Trad,1,40.0,2.0,1.0,1.0,"Kyle Okular, Sam Byrne, and Ben, November 2024","All Locations > Colorado > Colorado Springs > Old Stage Rd > School of Rock > High School > 
                    Sort Routes
            ",https://www.mountainproject.com/route/200996404/teachers-pet
200996090,Step Off,5.10- YDS,Trad,1,100.0,3.0,1.0,3.0,"Kyle Okular and Matt Sellick, October 2024","All Locations > Colorado > Colorado Springs > Old Stage Rd > School of Rock > Old School > 
                    Sort Routes
            ",https://www.mountainproject.com/route/200996090/step-off
201013726,How the Mighty Have Fallen (open project),5.11+ YDS,Trad,1,40.0,3.0,1.0,0.0,unknown,"All Locations > Colorado > Colorado Springs > Old Stage Rd > Cathedral Park > Chapel > 
                    Sort Routes
            ",https://www.mountainproject.com/route/201013726/how-the-mighty-have-fallen-open-project
201130938,Siege,5.10+ YDS,Trad,1,70.0,2.0,1.0,3.0,unknown,"All Locations > Colorado > Colorado Springs > Old Stage Rd > Citadel > S Wall > 
                    Sort Routes
            ",https://www.mountainproject.com/route/201130938/siege
126577667,Detroit Industry,V4 YDS,Boulder,1,12.0,3.0,1.0,0.0,Nick Murray,"All Locations > Colorado > Colorado Springs > Old Stage Rd > Gallery > Gallery Area Bo… > Diego Rivera Boulder > 
                    Sort Routes
            ",https://www.mountainproject.com/route/126577667/detroit-industry
126361793,Scratch and Plenty,5.7 YDS,Trad,1,35.0,1.9,7.0,26.0,Matt Sellick,"All Locations > Colorado > Colorado Springs > Old Stage Rd > Gallery > Jo Mora Wall > 
                    Sort Routes
            ",https://www.mountainproject.com/route/126361793/scratch-and-plenty
200906151,Bad Alchemy,5.8 YDS,Trad,1,90.0,2.0,1.0,1.0,"Kyle Okular and Sam Byrne, May 3, 2025","All Locations > Colorado > Colorado Springs > Old Stage Rd > San Luis Peak > 
                    Sort Routes
            ",https://www.mountainproject.com/route/200906151/bad-alchemy
105756433,Where's Bob?,5.10c YDS,Trad,1,,1.0,1.0,0.0,"Vachon, Bieger, Lang, 10/01","All Locations > Colorado > Colorado Springs > Old Stage Rd > Ambiguously Uncertain… > 
                    Sort Routes
            ",https://www.mountainproject.com/route/105756433/wheres-bob
200996131,Class Act,5.9 YDS,Trad,1,85.0,3.0,2.0,5.0,"Kyle Okular and Matt Sellick, October 2024","All Locations > Colorado > Colorado Springs > Old Stage Rd > School of Rock > Old School > 
                    Sort Routes
            ",https://www.mountainproject.com/route/200996131/class-act
201131354,Sword of Damocles,5.9 YDS,Trad,1,50.0,3.0,6.0,8.0,FKA: Kyle Okular and Joe Kalis,"All Locations > Colorado > Colorado Springs > Old Stage Rd > Citadel > S Wall > 
                    Sort Routes
            ",https://www.mountainproject.com/route/201131354/sword-of-damocles
105763572,Mallory's Malice,5.7 YDS,Trad,3,400.0,2.2,11.0,12.0,CMC rock school?,"All Locations > Colorado > Colorado Springs > Old Stage Rd > Devil's Slide > 
                    Sort Routes
            ",https://www.mountainproject.com/route/105763572/mallorys-malice
201131296,Murder Hole,5.10 YDS,Trad,1,70.0,3.0,2.0,3.0,"Kyle Okular and crew, June 2025","All Locations > Colorado > Colorado Springs > Old Stage Rd > Citadel > S Wall > 
                    Sort Routes
            ",https://www.mountainproject.com/route/201131296/murder-hole
200902286,Emerald Ridge,5.9+ YDS,Trad,4,600.0,3.7,12.0,18.0,"unknown. Re-discovered Feb. 2025 by Kyle Okular and Sam Byrne, a possible FFA","All Locations > Colorado > Colorado Springs > Old Stage Rd > San Luis Peak > 
                    Sort Routes
            ",https://www.mountainproject.com/route/200902286/emerald-ridge
126962273,Far End of Silver Clouds,V2 YDS,Boulder,1,35.0,4.0,1.0,1.0,Nick Murray,"All Locations > Colorado > Colorado Springs > Old Stage Rd > Gallery > Gallery Area Bo… > Main Boulderfield > Yayoi Kusama Boulder > 
                    Sort Routes
            ",https://www.mountainproject.com/route/126962273/far-end-of-silver-clouds
125986868,The Guzzle Bumpkin,5.8+ YDS,Sport,1,75.0,3.0,5.0,6.0,"Millard, Fleming, Stephan, Johnson, Jones","All Locations > Colorado > Colorado Springs > Old Stage Rd > Grayback Peak > Appalachian Mud Squid… > 
                    Sort Routes
            ",https://www.mountainproject.com/route/125986868/the-guzzle-bumpkin
200905932,Diamond in the Rough Dihedral,5.9+ YDS,Trad,1,105.0,3.0,5.0,5.0,"Sam Byrne and Kyle Okular, May 3, 2025","All Locations > Colorado > Colorado Springs > Old Stage Rd > San Luis Peak > 
                    Sort Routes
            ",https://www.mountainproject.com/route/200905932/diamond-in-the-rough-dihedral
126672685,183rd Street,V7 YDS,Boulder,1,12.0,2.0,1.0,0.0,Nick Murray,"All Locations > Colorado > Colorado Springs > Old Stage Rd > Gallery > Gallery Area Bo… > Main Boulderfield > TAKI 183 Boulder > 
                    Sort Routes
            ",https://www.mountainproject.com/route/126672685/183rd-street
126362073,The Arsenal,V4 YDS,Boulder,1,18.0,4.0,2.0,3.0,Matt Sellick,"All Locations > Colorado > Colorado Springs > Old Stage Rd > Gallery > Gallery Area Bo… > Diego Rivera Boulder > 
                    Sort Routes
            ",https://www.mountainproject.com/route/126362073/the-arsenal
200994940,Long Way If You Want to Rock,5.9+ YDS,Trad,2,150.0,2.7,3.0,3.0,"Kyle Okular and Phil Wortmann, October 2024","All Locations > Colorado > Colorado Springs > Old Stage Rd > School of Rock > Old School > 
                    Sort Routes
            ",https://www.mountainproject.com/route/200994940/long-way-if-you-want-to-rock
106437593,Katrina,5.10b YDS,Sport,1,70.0,1.9,12.0,30.0,Ray Floyd/ Marry Hahn,"All Locations > Colorado > Colorado Springs > Old Stage Rd > Hurricane Ridge > Hurricane Wall > 
                    Sort Routes
            ",https://www.mountainproject.com/route/106437593/katrina
200996302,Open Project 5.12?,5.12 YDS,Trad,1,105.0,3.0,1.0,0.0,N/A,"All Locations > Colorado > Colorado Springs > Old Stage Rd > School of Rock > Old School > 
                    Sort Routes
            ",https://www.mountainproject.com/route/200996302/open-project-512
126932638,Jimson Weed,5.10c YDS,Sport,1,50.0,1.8,5.0,4.0,Matt Sellick,"All Locations > Colorado > Colorado Springs > Old Stage Rd > Gallery > Georgia O'Keeffe Wall > 
                    Sort Routes
            ",https://www.mountainproject.com/route/126932638/jimson-weed
126361118,Radiant Baby,5.11c YDS,Sport,1,60.0,2.9,16.0,35.0,Matt Sellick,"All Locations > Colorado > Colorado Springs > Old Stage Rd > Gallery > Installation Wall > 
                    Sort Routes
            ",https://www.mountainproject.com/route/126361118/radiant-baby
